[
    {
      "condition": "minecraft:entity_properties",
      "entity": "this",
      "predicate": {
        "type": "minecraft:wolf"
      }
    },
    {
      "condition": "minecraft:entity_properties",
      "entity": "this",
      "predicate": {
        "type": "minecraft:ocelot"
      }
    },
    {
      "condition": "minecraft:entity_properties",
      "entity": "this",
      "predicate": {
        "type": "minecraft:frog"
      }
    },
    {
      "condition": "minecraft:entity_properties",
      "entity": "this",
      "predicate": {
        "type": "minecraft:fox"
      }
    },
    {
      "condition": "minecraft:entity_properties",
      "entity": "this",
      "predicate": {
        "type": "minecraft:cat"
      }
    },
    
    {
      "condition": "minecraft:entity_properties",
      "entity": "this",
      "predicate": {
        "type": "minecraft:axolotl"
      }
    }
  ]
  