[
    {
      "condition": "minecraft:entity_properties",
      "entity": "this",
      "predicate": {
        "equipment": {
          "mainhand": {
            "items": [
              "minecraft:charcoal",
              "minecraft:coal",

              "minecraft:dandelion",
              "minecraft:poppy",
              "minecraft:blue_orchid",
              "minecraft:allium",
              "minecraft:azure_bluet",
              "minecraft:orange_tulip",
              "minecraft:pink_tulip",
              "minecraft:red_tulip",
              "minecraft:white_tulip",
              "minecraft:oxeye_daisy",
              "minecraft:cornflower",
              "minecraft:lily_of_the_valley",
              "minecraft:torchflower"
            ]
          }
        }
      }
    }
  ]
  