{
  "condition": "minecraft:any_of",
  "terms": [
    {
      "condition": "minecraft:location_check",
      "offsetY": 1,
      "predicate": {
        "block": {
          "blocks": [
            "minecraft:lava"
          ]
        }
      }
    },
    {
      "condition": "minecraft:location_check",
      "predicate": {
        "block": {
          "blocks": [
            "minecraft:lava",
            "minecraft:lava_cauldron"
          ]
        }
      }
    }
  ]
}
